{
	"info": {
		"_postman_id": "49da135a-2737-43ee-ac78-b05c57f23f5a",
		"name": "Triptaktik",
		"schema": "https://schema.getpostman.com/json/collection/v2.1.0/collection.json",
		"_exporter_id": "45212643"
	},
	"item": [
		{
			"name": "login",
			"request": {
				"method": "POST",
				"header": [
					{
						"key": "Content-Type",
						"value": "application/json",
						"type": "text"
					}
				],
				"body": {
					"mode": "raw",
					"raw": "{\r\n  \"email\": \"test@gmail.com\",\r\n  \"password\": \"123456\"\r\n}\r\n\r\n",
					"options": {
						"raw": {
							"language": "json"
						}
					}
				},
				"url": {
					"raw": "http://localhost:3000/api/auth/login",
					"protocol": "http",
					"host": [
						"localhost"
					],
					"port": "3000",
					"path": [
						"api",
						"auth",
						"login"
					]
				}
			},
			"response": []
		},
		{
			"name": "register",
			"request": {
				"method": "POST",
				"header": [
					{
						"key": "Content-Type",
						"value": "application/json",
						"type": "text"
					}
				],
				"body": {
					"mode": "raw",
					"raw": "{\r\n  \"name\": \"Nama Pengguna\",\r\n  \"email\": \"user@gmail.com\",\r\n  \"password\": \"yourpassword\"\r\n}\r\n",
					"options": {
						"raw": {
							"language": "json"
						}
					}
				},
				"url": {
					"raw": "http://localhost:3000/api/auth/register",
					"protocol": "http",
					"host": [
						"localhost"
					],
					"port": "3000",
					"path": [
						"api",
						"auth",
						"register"
					]
				}
			},
			"response": []
		},
		{
			"name": "add feedback",
			"request": {
				"method": "POST",
				"header": [
					{
						"key": "Content-Type",
						"value": "multipart/form-data",
						"type": "text"
					}
				],
				"body": {
					"mode": "formdata",
					"formdata": [
						{
							"key": "image",
							"type": "file",
							"src": "postman-cloud:///1f03861e-326a-4830-b908-2c9f7baa04b6"
						},
						{
							"key": "title",
							"value": "Liburan ke malioboro",
							"type": "text"
						},
						{
							"key": "description",
							"value": "suasana malioboro nyaman banget",
							"type": "text"
						}
					]
				},
				"url": {
					"raw": "http://localhost:3000/api/feedback",
					"protocol": "http",
					"host": [
						"localhost"
					],
					"port": "3000",
					"path": [
						"api",
						"feedback"
					],
					"query": [
						{
							"key": "",
							"value": null,
							"disabled": true
						}
					]
				}
			},
			"response": []
		},
		{
			"name": "list feedback",
			"request": {
				"auth": {
					"type": "bearer"
				},
				"method": "GET",
				"header": [],
				"url": {
					"raw": "http://localhost:3000/api/feedback",
					"protocol": "http",
					"host": [
						"localhost"
					],
					"port": "3000",
					"path": [
						"api",
						"feedback"
					]
				}
			},
			"response": []
		},
		{
			"name": "detail wisata",
			"request": {
				"method": "GET",
				"header": [],
				"url": {
					"raw": "http://localhost:3000/api/wisata/:id",
					"protocol": "http",
					"host": [
						"localhost"
					],
					"port": "3000",
					"path": [
						"api",
						"wisata",
						":id"
					],
					"variable": [
						{
							"key": "id",
							"value": ""
						}
					]
				}
			},
			"response": []
		},
		{
			"name": "Add Wishlist",
			"request": {
				"auth": {
					"type": "bearer"
				},
				"method": "POST",
				"header": [
					{
						"key": "Content-Type",
						"value": "application/json",
						"type": "text"
					}
				],
				"body": {
					"mode": "raw",
					"raw": "{\r\n  \"wisata_id\": 10\r\n}\r\n",
					"options": {
						"raw": {
							"language": "json"
						}
					}
				},
				"url": {
					"raw": "http://localhost:3000/api/wishlist",
					"protocol": "http",
					"host": [
						"localhost"
					],
					"port": "3000",
					"path": [
						"api",
						"wishlist"
					]
				}
			},
			"response": []
		},
		{
			"name": "list wishlist",
			"request": {
				"auth": {
					"type": "bearer"
				},
				"method": "GET",
				"header": [],
				"url": {
					"raw": "http://localhost:3000/api/wishlist",
					"protocol": "http",
					"host": [
						"localhost"
					],
					"port": "3000",
					"path": [
						"api",
						"wishlist"
					]
				}
			},
			"response": []
		},
		{
			"name": "Delete Wishlist",
			"request": {
				"auth": {
					"type": "bearer"
				},
				"method": "DELETE",
				"header": [],
				"url": {
					"raw": "http://localhost:3000/api/wishlist/:id",
					"protocol": "http",
					"host": [
						"localhost"
					],
					"port": "3000",
					"path": [
						"api",
						"wishlist",
						":id"
					],
					"variable": [
						{
							"key": "id",
							"value": ""
						}
					]
				}
			},
			"response": []
		},
		{
			"name": "user",
			"request": {
				"auth": {
					"type": "bearer"
				},
				"method": "GET",
				"header": [],
				"url": {
					"raw": "http://localhost:3000/api/users",
					"protocol": "http",
					"host": [
						"localhost"
					],
					"port": "3000",
					"path": [
						"api",
						"users"
					]
				}
			},
			"response": []
		}
	]
}