{"format": "graph-model", "generatedBy": "2.11.0", "convertedBy": "TensorFlow.js Converter v3.18.0", "signature": {"inputs": {"input_3:0": {"name": "input_3:0", "dtype": "DT_FLOAT", "tensorShape": {"dim": [{"size": "-1"}, {"size": "100"}]}}, "input_2:0": {"name": "input_2:0", "dtype": "DT_FLOAT", "tensorShape": {"dim": [{"size": "-1"}, {"size": "100"}]}}}, "outputs": {"lambda": {"name": "Identity:0", "dtype": "DT_FLOAT", "tensorShape": {"dim": [{"size": "-1"}, {"size": "1"}]}}}}, "modelTopology": {"node": [{"name": "StatefulPartitionedCall/model_1/lambda/sub/x", "op": "Const", "attr": {"value": {"tensor": {"dtype": "DT_FLOAT", "tensorShape": {}}}, "dtype": {"type": "DT_FLOAT"}}}, {"name": "StatefulPartitionedCall/model_1/model/embedding/embedding_lookup/axis", "op": "Const", "attr": {"dtype": {"type": "DT_INT32"}, "value": {"tensor": {"dtype": "DT_INT32", "tensorShape": {}}}}}, {"name": "StatefulPartitionedCall/model_1/model/conv1d/Conv1D/ExpandDims/dim", "op": "Const", "attr": {"value": {"tensor": {"dtype": "DT_INT32", "tensorShape": {}}}, "dtype": {"type": "DT_INT32"}}}, {"name": "StatefulPartitionedCall/model_1/model/conv1d/Conv1D/ExpandDims_1", "op": "Const", "attr": {"value": {"tensor": {"dtype": "DT_FLOAT", "tensorShape": {"dim": [{"size": "1"}, {"size": "5"}, {"size": "64"}, {"size": "64"}]}}}, "dtype": {"type": "DT_FLOAT"}}}, {"name": "StatefulPartitionedCall/model_1/model/conv1d/BiasAdd/ReadVariableOp", "op": "Const", "attr": {"dtype": {"type": "DT_FLOAT"}, "value": {"tensor": {"dtype": "DT_FLOAT", "tensorShape": {"dim": [{"size": "64"}]}}}}}, {"name": "StatefulPartitionedCall/model_1/model/global_max_pooling1d/Max/reduction_indices", "op": "Const", "attr": {"dtype": {"type": "DT_INT32"}, "value": {"tensor": {"dtype": "DT_INT32", "tensorShape": {}}}}}, {"name": "StatefulPartitionedCall/model_1/model/dense/MatMul/ReadVariableOp", "op": "Const", "attr": {"dtype": {"type": "DT_FLOAT"}, "value": {"tensor": {"dtype": "DT_FLOAT", "tensorShape": {"dim": [{"size": "64"}, {"size": "128"}]}}}}}, {"name": "StatefulPartitionedCall/model_1/model/dense/BiasAdd/ReadVariableOp", "op": "Const", "attr": {"dtype": {"type": "DT_FLOAT"}, "value": {"tensor": {"dtype": "DT_FLOAT", "tensorShape": {"dim": [{"size": "128"}]}}}}}, {"name": "StatefulPartitionedCall/model_1/model/dense_1/MatMul/ReadVariableOp", "op": "Const", "attr": {"value": {"tensor": {"dtype": "DT_FLOAT", "tensorShape": {"dim": [{"size": "128"}, {"size": "64"}]}}}, "dtype": {"type": "DT_FLOAT"}}}, {"name": "StatefulPartitionedCall/model_1/model/dense_1/BiasAdd/ReadVariableOp", "op": "Const", "attr": {"value": {"tensor": {"dtype": "DT_FLOAT", "tensorShape": {"dim": [{"size": "64"}]}}}, "dtype": {"type": "DT_FLOAT"}}}, {"name": "StatefulPartitionedCall/model_1/lambda/l2_normalize/Sum/reduction_indices", "op": "Const", "attr": {"dtype": {"type": "DT_INT32"}, "value": {"tensor": {"dtype": "DT_INT32", "tensorShape": {}}}}}, {"name": "StatefulPartitionedCall/model_1/lambda/l2_normalize/Maximum/y", "op": "Const", "attr": {"dtype": {"type": "DT_FLOAT"}, "value": {"tensor": {"dtype": "DT_FLOAT", "tensorShape": {}}}}}, {"name": "unknown", "op": "Const", "attr": {"dtype": {"type": "DT_FLOAT"}, "value": {"tensor": {"dtype": "DT_FLOAT", "tensorShape": {"dim": [{"size": "5000"}, {"size": "64"}]}}}}}, {"name": "StatefulPartitionedCall/model_1/model/embedding/embedding_lookup_1/axis", "op": "Const", "attr": {"value": {"tensor": {"dtype": "DT_INT32", "tensorShape": {}}}, "dtype": {"type": "DT_INT32"}}}, {"name": "StatefulPartitionedCall/model_1/model/conv1d/Conv1D_1/ExpandDims/dim", "op": "Const", "attr": {"value": {"tensor": {"dtype": "DT_INT32", "tensorShape": {}}}, "dtype": {"type": "DT_INT32"}}}, {"name": "StatefulPartitionedCall/model_1/model/conv1d/Conv1D_1/ExpandDims_1", "op": "Const", "attr": {"value": {"tensor": {"dtype": "DT_FLOAT", "tensorShape": {"dim": [{"size": "1"}, {"size": "5"}, {"size": "64"}, {"size": "64"}]}}}, "dtype": {"type": "DT_FLOAT"}}}, {"name": "StatefulPartitionedCall/model_1/model/conv1d/BiasAdd_1/ReadVariableOp", "op": "Const", "attr": {"dtype": {"type": "DT_FLOAT"}, "value": {"tensor": {"dtype": "DT_FLOAT", "tensorShape": {"dim": [{"size": "64"}]}}}}}, {"name": "StatefulPartitionedCall/model_1/model/global_max_pooling1d/Max_1/reduction_indices", "op": "Const", "attr": {"value": {"tensor": {"dtype": "DT_INT32", "tensorShape": {}}}, "dtype": {"type": "DT_INT32"}}}, {"name": "StatefulPartitionedCall/model_1/model/dense/MatMul_1/ReadVariableOp", "op": "Const", "attr": {"dtype": {"type": "DT_FLOAT"}, "value": {"tensor": {"dtype": "DT_FLOAT", "tensorShape": {"dim": [{"size": "64"}, {"size": "128"}]}}}}}, {"name": "StatefulPartitionedCall/model_1/model/dense/BiasAdd_1/ReadVariableOp", "op": "Const", "attr": {"value": {"tensor": {"dtype": "DT_FLOAT", "tensorShape": {"dim": [{"size": "128"}]}}}, "dtype": {"type": "DT_FLOAT"}}}, {"name": "StatefulPartitionedCall/model_1/model/dense_1/MatMul_1/ReadVariableOp", "op": "Const", "attr": {"dtype": {"type": "DT_FLOAT"}, "value": {"tensor": {"dtype": "DT_FLOAT", "tensorShape": {"dim": [{"size": "128"}, {"size": "64"}]}}}}}, {"name": "StatefulPartitionedCall/model_1/model/dense_1/BiasAdd_1/ReadVariableOp", "op": "Const", "attr": {"value": {"tensor": {"dtype": "DT_FLOAT", "tensorShape": {"dim": [{"size": "64"}]}}}, "dtype": {"type": "DT_FLOAT"}}}, {"name": "StatefulPartitionedCall/model_1/lambda/l2_normalize_1/Sum/reduction_indices", "op": "Const", "attr": {"dtype": {"type": "DT_INT32"}, "value": {"tensor": {"dtype": "DT_INT32", "tensorShape": {}}}}}, {"name": "StatefulPartitionedCall/model_1/lambda/l2_normalize_1/Maximum/y", "op": "Const", "attr": {"dtype": {"type": "DT_FLOAT"}, "value": {"tensor": {"dtype": "DT_FLOAT", "tensorShape": {}}}}}, {"name": "StatefulPartitionedCall/model_1/lambda/Sum/reduction_indices", "op": "Const", "attr": {"dtype": {"type": "DT_INT32"}, "value": {"tensor": {"dtype": "DT_INT32", "tensorShape": {}}}}}, {"name": "input_2", "op": "Placeholder", "attr": {"dtype": {"type": "DT_FLOAT"}, "shape": {"shape": {"dim": [{"size": "-1"}, {"size": "100"}]}}}}, {"name": "input_3", "op": "Placeholder", "attr": {"dtype": {"type": "DT_FLOAT"}, "shape": {"shape": {"dim": [{"size": "-1"}, {"size": "100"}]}}}}, {"name": "StatefulPartitionedCall/model_1/model/embedding/Cast", "op": "Cast", "input": ["input_2"], "attr": {"SrcT": {"type": "DT_FLOAT"}, "Truncate": {"b": false}, "DstT": {"type": "DT_INT32"}}}, {"name": "StatefulPartitionedCall/model_1/model/embedding/Cast_1", "op": "Cast", "input": ["input_3"], "attr": {"DstT": {"type": "DT_INT32"}, "SrcT": {"type": "DT_FLOAT"}, "Truncate": {"b": false}}}, {"name": "StatefulPartitionedCall/model_1/model/embedding/embedding_lookup", "op": "GatherV2", "input": ["unknown", "StatefulPartitionedCall/model_1/model/embedding/Cast", "StatefulPartitionedCall/model_1/model/embedding/embedding_lookup/axis"], "attr": {"batch_dims": {"i": "0"}, "Tparams": {"type": "DT_FLOAT"}, "Tindices": {"type": "DT_INT32"}, "_has_manual_control_dependencies": {"b": true}, "Taxis": {"type": "DT_INT32"}}}, {"name": "StatefulPartitionedCall/model_1/model/embedding/embedding_lookup_1", "op": "GatherV2", "input": ["unknown", "StatefulPartitionedCall/model_1/model/embedding/Cast_1", "StatefulPartitionedCall/model_1/model/embedding/embedding_lookup_1/axis"], "attr": {"Taxis": {"type": "DT_INT32"}, "batch_dims": {"i": "0"}, "Tparams": {"type": "DT_FLOAT"}, "_has_manual_control_dependencies": {"b": true}, "Tindices": {"type": "DT_INT32"}}}, {"name": "StatefulPartitionedCall/model_1/model/conv1d/Conv1D/ExpandDims", "op": "ExpandDims", "input": ["StatefulPartitionedCall/model_1/model/embedding/embedding_lookup", "StatefulPartitionedCall/model_1/model/conv1d/Conv1D/ExpandDims/dim"], "attr": {"T": {"type": "DT_FLOAT"}, "Tdim": {"type": "DT_INT32"}}}, {"name": "StatefulPartitionedCall/model_1/model/conv1d/Conv1D_1/ExpandDims", "op": "ExpandDims", "input": ["StatefulPartitionedCall/model_1/model/embedding/embedding_lookup_1", "StatefulPartitionedCall/model_1/model/conv1d/Conv1D_1/ExpandDims/dim"], "attr": {"Tdim": {"type": "DT_INT32"}, "T": {"type": "DT_FLOAT"}}}, {"name": "StatefulPartitionedCall/model_1/model/conv1d/Conv1D", "op": "_FusedConv2D", "input": ["StatefulPartitionedCall/model_1/model/conv1d/Conv1D/ExpandDims", "StatefulPartitionedCall/model_1/model/conv1d/Conv1D/ExpandDims_1", "StatefulPartitionedCall/model_1/model/conv1d/BiasAdd/ReadVariableOp"], "device": "/device:CPU:0", "attr": {"dilations": {"list": {"i": ["1", "1", "1", "1"]}}, "padding": {"s": "VkFMSUQ="}, "strides": {"list": {"i": ["1", "1", "1", "1"]}}, "T": {"type": "DT_FLOAT"}, "use_cudnn_on_gpu": {"b": true}, "TArgs": {"list": {"type": ["DT_FLOAT"]}}, "filter_format": {"s": "SFdJTw=="}, "epsilon": {"f": 0.0}, "leakyrelu_alpha": {"f": 0.2}, "num_args": {"i": "1"}, "explicit_paddings": {"list": {}}, "num_host_args": {"i": "0"}, "fused_ops": {"list": {"s": ["Qmlhc0FkZA=="]}}, "data_format": {"s": "TkhXQw=="}}}, {"name": "StatefulPartitionedCall/model_1/model/conv1d/Conv1D_1", "op": "_FusedConv2D", "input": ["StatefulPartitionedCall/model_1/model/conv1d/Conv1D_1/ExpandDims", "StatefulPartitionedCall/model_1/model/conv1d/Conv1D_1/ExpandDims_1", "StatefulPartitionedCall/model_1/model/conv1d/BiasAdd_1/ReadVariableOp"], "device": "/device:CPU:0", "attr": {"epsilon": {"f": 0.0}, "leakyrelu_alpha": {"f": 0.2}, "num_args": {"i": "1"}, "explicit_paddings": {"list": {}}, "padding": {"s": "VkFMSUQ="}, "num_host_args": {"i": "0"}, "fused_ops": {"list": {"s": ["Qmlhc0FkZA=="]}}, "strides": {"list": {"i": ["1", "1", "1", "1"]}}, "T": {"type": "DT_FLOAT"}, "data_format": {"s": "TkhXQw=="}, "TArgs": {"list": {"type": ["DT_FLOAT"]}}, "dilations": {"list": {"i": ["1", "1", "1", "1"]}}, "use_cudnn_on_gpu": {"b": true}, "filter_format": {"s": "SFdJTw=="}}}, {"name": "StatefulPartitionedCall/model_1/model/conv1d/BiasAdd", "op": "Squeeze", "input": ["StatefulPartitionedCall/model_1/model/conv1d/Conv1D"], "attr": {"T": {"type": "DT_FLOAT"}, "squeeze_dims": {"list": {"i": ["-3"]}}}}, {"name": "StatefulPartitionedCall/model_1/model/conv1d/BiasAdd_1", "op": "Squeeze", "input": ["StatefulPartitionedCall/model_1/model/conv1d/Conv1D_1"], "attr": {"T": {"type": "DT_FLOAT"}, "squeeze_dims": {"list": {"i": ["-3"]}}}}, {"name": "StatefulPartitionedCall/model_1/model/global_max_pooling1d/Max", "op": "Max", "input": ["StatefulPartitionedCall/model_1/model/conv1d/BiasAdd", "StatefulPartitionedCall/model_1/model/global_max_pooling1d/Max/reduction_indices"], "attr": {"keep_dims": {"b": false}, "T": {"type": "DT_FLOAT"}, "Tidx": {"type": "DT_INT32"}}}, {"name": "StatefulPartitionedCall/model_1/model/global_max_pooling1d/Max_1", "op": "Max", "input": ["StatefulPartitionedCall/model_1/model/conv1d/BiasAdd_1", "StatefulPartitionedCall/model_1/model/global_max_pooling1d/Max_1/reduction_indices"], "attr": {"Tidx": {"type": "DT_INT32"}, "T": {"type": "DT_FLOAT"}, "keep_dims": {"b": false}}}, {"name": "StatefulPartitionedCall/model_1/model/conv1d/Relu", "op": "Relu", "input": ["StatefulPartitionedCall/model_1/model/global_max_pooling1d/Max"], "attr": {"T": {"type": "DT_FLOAT"}}}, {"name": "StatefulPartitionedCall/model_1/model/conv1d/Relu_1", "op": "Relu", "input": ["StatefulPartitionedCall/model_1/model/global_max_pooling1d/Max_1"], "attr": {"T": {"type": "DT_FLOAT"}}}, {"name": "StatefulPartitionedCall/model_1/model/dense/Relu", "op": "_FusedMatMul", "input": ["StatefulPartitionedCall/model_1/model/conv1d/Relu", "StatefulPartitionedCall/model_1/model/dense/MatMul/ReadVariableOp", "StatefulPartitionedCall/model_1/model/dense/BiasAdd/ReadVariableOp"], "device": "/device:CPU:0", "attr": {"num_args": {"i": "1"}, "transpose_b": {"b": false}, "epsilon": {"f": 0.0}, "T": {"type": "DT_FLOAT"}, "leakyrelu_alpha": {"f": 0.2}, "fused_ops": {"list": {"s": ["Qmlhc0FkZA==", "UmVsdQ=="]}}, "transpose_a": {"b": false}}}, {"name": "StatefulPartitionedCall/model_1/model/dense/Relu_1", "op": "_FusedMatMul", "input": ["StatefulPartitionedCall/model_1/model/conv1d/Relu_1", "StatefulPartitionedCall/model_1/model/dense/MatMul_1/ReadVariableOp", "StatefulPartitionedCall/model_1/model/dense/BiasAdd_1/ReadVariableOp"], "device": "/device:CPU:0", "attr": {"T": {"type": "DT_FLOAT"}, "leakyrelu_alpha": {"f": 0.2}, "epsilon": {"f": 0.0}, "transpose_a": {"b": false}, "fused_ops": {"list": {"s": ["Qmlhc0FkZA==", "UmVsdQ=="]}}, "num_args": {"i": "1"}, "transpose_b": {"b": false}}}, {"name": "StatefulPartitionedCall/model_1/model/dense_1/BiasAdd", "op": "_FusedMatMul", "input": ["StatefulPartitionedCall/model_1/model/dense/Relu", "StatefulPartitionedCall/model_1/model/dense_1/MatMul/ReadVariableOp", "StatefulPartitionedCall/model_1/model/dense_1/BiasAdd/ReadVariableOp"], "device": "/device:CPU:0", "attr": {"epsilon": {"f": 0.0}, "leakyrelu_alpha": {"f": 0.2}, "T": {"type": "DT_FLOAT"}, "num_args": {"i": "1"}, "transpose_a": {"b": false}, "transpose_b": {"b": false}, "fused_ops": {"list": {"s": ["Qmlhc0FkZA=="]}}}}, {"name": "StatefulPartitionedCall/model_1/model/dense_1/BiasAdd_1", "op": "_FusedMatMul", "input": ["StatefulPartitionedCall/model_1/model/dense/Relu_1", "StatefulPartitionedCall/model_1/model/dense_1/MatMul_1/ReadVariableOp", "StatefulPartitionedCall/model_1/model/dense_1/BiasAdd_1/ReadVariableOp"], "device": "/device:CPU:0", "attr": {"T": {"type": "DT_FLOAT"}, "leakyrelu_alpha": {"f": 0.2}, "num_args": {"i": "1"}, "fused_ops": {"list": {"s": ["Qmlhc0FkZA=="]}}, "transpose_b": {"b": false}, "transpose_a": {"b": false}, "epsilon": {"f": 0.0}}}, {"name": "StatefulPartitionedCall/model_1/lambda/l2_normalize/Square", "op": "Square", "input": ["StatefulPartitionedCall/model_1/model/dense_1/BiasAdd"], "attr": {"T": {"type": "DT_FLOAT"}}}, {"name": "StatefulPartitionedCall/model_1/lambda/l2_normalize_1/Square", "op": "Square", "input": ["StatefulPartitionedCall/model_1/model/dense_1/BiasAdd_1"], "attr": {"T": {"type": "DT_FLOAT"}}}, {"name": "StatefulPartitionedCall/model_1/lambda/l2_normalize/Sum", "op": "Sum", "input": ["StatefulPartitionedCall/model_1/lambda/l2_normalize/Square", "StatefulPartitionedCall/model_1/lambda/l2_normalize/Sum/reduction_indices"], "attr": {"keep_dims": {"b": true}, "Tidx": {"type": "DT_INT32"}, "T": {"type": "DT_FLOAT"}}}, {"name": "StatefulPartitionedCall/model_1/lambda/l2_normalize_1/Sum", "op": "Sum", "input": ["StatefulPartitionedCall/model_1/lambda/l2_normalize_1/Square", "StatefulPartitionedCall/model_1/lambda/l2_normalize_1/Sum/reduction_indices"], "attr": {"Tidx": {"type": "DT_INT32"}, "T": {"type": "DT_FLOAT"}, "keep_dims": {"b": true}}}, {"name": "StatefulPartitionedCall/model_1/lambda/l2_normalize/Maximum", "op": "Maximum", "input": ["StatefulPartitionedCall/model_1/lambda/l2_normalize/Sum", "StatefulPartitionedCall/model_1/lambda/l2_normalize/Maximum/y"], "attr": {"T": {"type": "DT_FLOAT"}}}, {"name": "StatefulPartitionedCall/model_1/lambda/l2_normalize_1/Maximum", "op": "Maximum", "input": ["StatefulPartitionedCall/model_1/lambda/l2_normalize_1/Sum", "StatefulPartitionedCall/model_1/lambda/l2_normalize_1/Maximum/y"], "attr": {"T": {"type": "DT_FLOAT"}}}, {"name": "StatefulPartitionedCall/model_1/lambda/l2_normalize/Rsqrt", "op": "Rsqrt", "input": ["StatefulPartitionedCall/model_1/lambda/l2_normalize/Maximum"], "attr": {"T": {"type": "DT_FLOAT"}}}, {"name": "StatefulPartitionedCall/model_1/lambda/l2_normalize_1/Rsqrt", "op": "Rsqrt", "input": ["StatefulPartitionedCall/model_1/lambda/l2_normalize_1/Maximum"], "attr": {"T": {"type": "DT_FLOAT"}}}, {"name": "StatefulPartitionedCall/model_1/lambda/l2_normalize", "op": "Mul", "input": ["StatefulPartitionedCall/model_1/model/dense_1/BiasAdd", "StatefulPartitionedCall/model_1/lambda/l2_normalize/Rsqrt"], "attr": {"T": {"type": "DT_FLOAT"}}}, {"name": "StatefulPartitionedCall/model_1/lambda/l2_normalize_1", "op": "Mul", "input": ["StatefulPartitionedCall/model_1/model/dense_1/BiasAdd_1", "StatefulPartitionedCall/model_1/lambda/l2_normalize_1/Rsqrt"], "attr": {"T": {"type": "DT_FLOAT"}}}, {"name": "StatefulPartitionedCall/model_1/lambda/mul", "op": "Mul", "input": ["StatefulPartitionedCall/model_1/lambda/l2_normalize", "StatefulPartitionedCall/model_1/lambda/l2_normalize_1"], "attr": {"T": {"type": "DT_FLOAT"}}}, {"name": "StatefulPartitionedCall/model_1/lambda/Sum", "op": "Sum", "input": ["StatefulPartitionedCall/model_1/lambda/mul", "StatefulPartitionedCall/model_1/lambda/Sum/reduction_indices"], "attr": {"Tidx": {"type": "DT_INT32"}, "T": {"type": "DT_FLOAT"}, "keep_dims": {"b": true}}}, {"name": "StatefulPartitionedCall/model_1/lambda/sub", "op": "Sub", "input": ["StatefulPartitionedCall/model_1/lambda/sub/x", "StatefulPartitionedCall/model_1/lambda/Sum"], "attr": {"T": {"type": "DT_FLOAT"}}}, {"name": "Identity", "op": "Identity", "input": ["StatefulPartitionedCall/model_1/lambda/sub"], "attr": {"T": {"type": "DT_FLOAT"}}}], "library": {}, "versions": {"producer": 1286}}, "weightsManifest": [{"paths": ["group1-shard1of1.bin"], "weights": [{"name": "StatefulPartitionedCall/model_1/lambda/sub/x", "shape": [], "dtype": "float32"}, {"name": "StatefulPartitionedCall/model_1/model/embedding/embedding_lookup/axis", "shape": [], "dtype": "int32"}, {"name": "StatefulPartitionedCall/model_1/model/conv1d/Conv1D/ExpandDims/dim", "shape": [], "dtype": "int32"}, {"name": "StatefulPartitionedCall/model_1/model/conv1d/Conv1D/ExpandDims_1", "shape": [1, 5, 64, 64], "dtype": "float32"}, {"name": "StatefulPartitionedCall/model_1/model/conv1d/BiasAdd/ReadVariableOp", "shape": [64], "dtype": "float32"}, {"name": "StatefulPartitionedCall/model_1/model/global_max_pooling1d/Max/reduction_indices", "shape": [], "dtype": "int32"}, {"name": "StatefulPartitionedCall/model_1/model/dense/MatMul/ReadVariableOp", "shape": [64, 128], "dtype": "float32"}, {"name": "StatefulPartitionedCall/model_1/model/dense/BiasAdd/ReadVariableOp", "shape": [128], "dtype": "float32"}, {"name": "StatefulPartitionedCall/model_1/model/dense_1/MatMul/ReadVariableOp", "shape": [128, 64], "dtype": "float32"}, {"name": "StatefulPartitionedCall/model_1/model/dense_1/BiasAdd/ReadVariableOp", "shape": [64], "dtype": "float32"}, {"name": "StatefulPartitionedCall/model_1/lambda/l2_normalize/Sum/reduction_indices", "shape": [], "dtype": "int32"}, {"name": "StatefulPartitionedCall/model_1/lambda/l2_normalize/Maximum/y", "shape": [], "dtype": "float32"}, {"name": "unknown", "shape": [5000, 64], "dtype": "float32"}, {"name": "StatefulPartitionedCall/model_1/model/embedding/embedding_lookup_1/axis", "shape": [], "dtype": "int32"}, {"name": "StatefulPartitionedCall/model_1/model/conv1d/Conv1D_1/ExpandDims/dim", "shape": [], "dtype": "int32"}, {"name": "StatefulPartitionedCall/model_1/model/conv1d/Conv1D_1/ExpandDims_1", "shape": [1, 5, 64, 64], "dtype": "float32"}, {"name": "StatefulPartitionedCall/model_1/model/conv1d/BiasAdd_1/ReadVariableOp", "shape": [64], "dtype": "float32"}, {"name": "StatefulPartitionedCall/model_1/model/global_max_pooling1d/Max_1/reduction_indices", "shape": [], "dtype": "int32"}, {"name": "StatefulPartitionedCall/model_1/model/dense/MatMul_1/ReadVariableOp", "shape": [64, 128], "dtype": "float32"}, {"name": "StatefulPartitionedCall/model_1/model/dense/BiasAdd_1/ReadVariableOp", "shape": [128], "dtype": "float32"}, {"name": "StatefulPartitionedCall/model_1/model/dense_1/MatMul_1/ReadVariableOp", "shape": [128, 64], "dtype": "float32"}, {"name": "StatefulPartitionedCall/model_1/model/dense_1/BiasAdd_1/ReadVariableOp", "shape": [64], "dtype": "float32"}, {"name": "StatefulPartitionedCall/model_1/lambda/l2_normalize_1/Sum/reduction_indices", "shape": [], "dtype": "int32"}, {"name": "StatefulPartitionedCall/model_1/lambda/l2_normalize_1/Maximum/y", "shape": [], "dtype": "float32"}, {"name": "StatefulPartitionedCall/model_1/lambda/Sum/reduction_indices", "shape": [], "dtype": "int32"}]}]}